{"additionalCookies":{},"clientId":"2neohtdv2qiaasaggof0d2ffgb","clientSecret":"i0lgi635gb3cgu2e1e4sfg33n8grcfdkn7vmi384duto19vda6b","cognitoAuthDomain":"login.docs-mcs.technative.eu","cookieCompatibility":"amplify","cookieSettings":{"accessToken":null,"idToken":null,"nonce":null,"refreshToken":null},"httpHeaders":{"Content-Security-Policy":"default-src 'none'; img-src 'self'; script-src 'self' https://code.jquery.com https://stackpath.bootstrapcdn.com; style-src 'self' 'unsafe-inline' https://stackpath.bootstrapcdn.com; object-src 'none'; connect-src 'self' https://*.amazonaws.com https://*.amazoncognito.com","Referrer-Policy":"same-origin","Strict-Transport-Security":"max-age=31536000; includeSubdomains; preload","X-Content-Type-Options":"nosniff","X-Frame-Options":"DENY","X-XSS-Protection":"1; mode=block"},"logLevel":"none","mode":"spaMode","nonceSigningSecret":"jvfg108gfhjhg!\u0026%j91kt","oauthScopes":["openid"],"redirectPathAuthRefresh":"/refreshauth","redirectPathSignIn":"/parseauth","redirectPathSignOut":"/logout","requiredGroup":"","userPoolArn":"arn:aws:cognito-idp:eu-central-1:393573040164:userpool/eu-central-1_snjusGUnc"}